{
	"p-config-server": [
		{
			"credentials": {
				"uri": "https://config-7ca14646-e0fe-4605-8cd9-47244d4b28c2.dev.apps.cs.sgp.dbs.com",
				"client_secret": "1971IMt1Byyk",
				"client_id": "p-config-server-33a54108-56db-4b98-b569-7aa43d35dc11",
				"access_token_uri": "https://p-spring-cloud-services.uaa.dev.sys.cs.sgp.dbs.com/oauth/token"
			},
			"syslog_drain_url": null,
			"volume_mounts": [],
			"label": "p-config-server",
			"provider": null,
			"plan": "standard",
			"name": "daas-configuration-server-fitch",
			"tags": [
				"configuration",
				"spring-cloud"
			]
		}
	],
	"user-provided": [
		{
			"credentials": {
				"locators": "10.92.207.105:10334"
			},
			"syslog_drain_url": "",
			"volume_mounts": [],
			"label": "user-provided",
			"name": "daas-geode-locator-config",
			"tags": []
		}
	]
}
